Organization,Followed On
Aljomaih Energy and Water Company,Mon May 04 01:53:11 UTC 2026
Larsen & Toubro,Mon May 04 01:50:36 UTC 2026
Snoonu,Sun May 03 06:17:27 UTC 2026
Safwa Islamic Bank,Wed Apr 22 15:57:50 UTC 2026
Huda Beauty,Wed Apr 08 16:57:24 UTC 2026
Crossing Hurdles,Sun Apr 05 11:31:31 UTC 2026
Ministry of Foreign Affairs,Sun Apr 05 01:04:26 UTC 2026
Sundus,Sat Apr 04 23:17:18 UTC 2026
Peergrowth,Sat Apr 04 23:16:52 UTC 2026
noon,Sat Apr 04 12:48:14 UTC 2026
Aventus,Sat Apr 04 11:27:20 UTC 2026
Charterhouse Middle East,Sat Apr 04 11:27:03 UTC 2026
GRG,Sat Apr 04 11:26:44 UTC 2026
Nabat,Sat Apr 04 11:26:24 UTC 2026
Rystad Energy,Sat Apr 04 11:26:08 UTC 2026
OceanAir,Fri Apr 03 04:54:10 UTC 2026
TAQA Distribution,Fri Apr 03 03:13:09 UTC 2026
Avery Dennison,Tue Mar 31 13:27:06 UTC 2026
ZOOMLION MIDDLE EAST,Tue Mar 31 13:07:40 UTC 2026
GoGlobal,Tue Mar 31 13:07:08 UTC 2026
Zillionaire Markets,Tue Mar 31 13:06:29 UTC 2026
Genetic Callnet Consultancy Pvt Ltd.,Tue Mar 31 10:11:28 UTC 2026
Al Khayyat Investments (AKI),Tue Mar 31 10:10:44 UTC 2026
Closr,Tue Mar 31 10:03:20 UTC 2026
GMG,Tue Mar 31 10:00:36 UTC 2026
Private Company,Tue Mar 31 09:59:51 UTC 2026
YALLO Group,Mon Mar 30 11:12:16 UTC 2026
Emirates Development Bank (EDB),Sat Mar 28 21:33:55 UTC 2026
Confidential,Fri Mar 27 14:03:09 UTC 2026
LOBA GROUP,Fri Mar 27 13:16:11 UTC 2026
KRAF - Kapok Regenerative Agriculture Forestry,Thu Mar 26 16:00:02 UTC 2026
PureHealth,Thu Mar 26 11:58:15 UTC 2026
"QiaoYin City Management Co., Ltd",Thu Mar 26 11:57:08 UTC 2026
Freedom Telecom International,Thu Mar 26 11:56:11 UTC 2026
Confidential,Thu Mar 26 11:43:14 UTC 2026
STAR SERVICES LLC.,Thu Mar 26 11:42:16 UTC 2026
Confidential Careers,Thu Mar 26 11:41:42 UTC 2026
Taaeen Group,Thu Mar 26 11:40:55 UTC 2026
Borsuk Business,Thu Mar 26 09:31:02 UTC 2026
LinkedIn Guide to Creating,Wed Mar 25 04:01:18 UTC 2026
Veolia | Near & Middle East,Tue Mar 24 09:01:46 UTC 2026
Cornerstone Global Partners MENA,Tue Mar 24 06:25:36 UTC 2026
Big Fish Consult,Tue Mar 24 06:25:12 UTC 2026
ISE Partners,Tue Mar 24 06:24:12 UTC 2026
ManpowerGroup Middle East,Tue Mar 24 06:22:58 UTC 2026
Filtrona,Tue Mar 24 06:17:17 UTC 2026
Hamilton Bradshaw Group,Tue Mar 24 06:17:06 UTC 2026
Cooper Fitch,Tue Mar 24 06:16:34 UTC 2026
Dubai Electricity & Water Authority - DEWA,Tue Mar 24 06:01:51 UTC 2026
Uplift People Consulting,Mon Mar 23 15:51:12 UTC 2026
Dubai Recycling Business Group,Mon Mar 23 13:57:01 UTC 2026
mTransform,Mon Mar 23 13:55:22 UTC 2026
Housescaner.ae,Mon Mar 23 00:29:08 UTC 2026
Eleven Creative Strategy,Mon Mar 23 00:28:14 UTC 2026
London International Studies and Research Center ™,Mon Mar 23 00:28:04 UTC 2026
DAMAC Properties,Mon Mar 23 00:27:53 UTC 2026
Quickplus Recruitment Services,Mon Mar 23 00:27:42 UTC 2026
HBS PRIVÉ VAULTS,Mon Mar 23 00:26:51 UTC 2026
Anonymous,Mon Mar 23 00:26:43 UTC 2026
Decisive Living,Mon Mar 23 00:26:14 UTC 2026
Kama Capital,Mon Mar 23 00:26:01 UTC 2026
Sembol Construction,Sat Mar 21 12:01:55 UTC 2026
Bafleh Jewellery,Wed Mar 18 13:21:51 UTC 2026
HRsource,Wed Mar 18 13:21:16 UTC 2026
Sphere Recruitment,Wed Mar 18 13:20:42 UTC 2026
Staff Connect UAE,Wed Mar 18 13:19:17 UTC 2026
JAD Global Real Estate Development,Sun Mar 15 11:58:38 UTC 2026
Special Art Motors L.L.C.,Tue Mar 03 16:20:36 UTC 2026
Gulf Cryo,Tue Mar 03 13:51:42 UTC 2026
Binghatti,Sun Mar 01 21:06:55 UTC 2026
Gulf Contractors Company LLC,Sun Mar 01 07:52:45 UTC 2026
KYG Prestige,Sun Mar 01 07:52:07 UTC 2026
iQue Ventures,Sat Feb 28 15:20:44 UTC 2026
African Queen Marketing Management,Sat Feb 28 06:25:09 UTC 2026
Elite Group Holding,Tue Feb 24 09:16:19 UTC 2026
KENSINGTON Finest Properties International · Dubai,Sun Feb 22 14:31:39 UTC 2026
Emirates Scholar Center for Research & Studies,Sun Feb 22 09:56:05 UTC 2026
RTC1 Recruitment Services,Sun Feb 22 09:48:15 UTC 2026
MCG Talent,Sun Feb 22 09:47:34 UTC 2026
ABU ALNAGA DEVELOPMENT,Sun Feb 22 09:46:21 UTC 2026
DP World,Sun Feb 22 09:44:59 UTC 2026
AL SAQAF BUILDING MATERIALS LLC.,Wed Feb 18 08:39:30 UTC 2026
AXD Space,Sun Nov 16 01:11:41 UTC 2025
Rush Hour Real Estate Brokerage,Thu Nov 13 17:28:58 UTC 2025
TerraQ Technologies LLC,Thu Nov 13 13:30:43 UTC 2025
ChargeUp MENA,Wed Nov 12 15:34:21 UTC 2025
أبوظبي للأنظمة ذاتية الحركة | Abu Dhabi Autonomous,Tue Nov 11 05:34:47 UTC 2025
Eco Technology Environment Protection Services L.L.C,Sun Nov 09 12:56:21 UTC 2025
Innotech Management Consulting Co,Sun Nov 09 12:38:39 UTC 2025
"HEBEI TOP SHAKER SCREENE CO.,LTD.",Sun Nov 09 12:38:38 UTC 2025
Beach & Bandits,Sun Nov 09 11:40:48 UTC 2025
Ras Al Khaimah Municipality Department,Thu Nov 06 15:17:27 UTC 2025
Ehfaaz,Tue Nov 04 08:34:55 UTC 2025
Fluid Systems Inc,Thu Oct 30 16:05:08 UTC 2025
Department of Government Enablement,Thu Oct 30 11:03:59 UTC 2025
Environmental Impacts Academy,Mon Oct 27 09:15:54 UTC 2025
Student Experience Podcast,Mon Oct 27 05:37:25 UTC 2025
GREEN SHEIKH ACADEMY - أكاديمية الشيخ الأخضر,Mon Oct 27 02:15:51 UTC 2025
Ajman Chamber of Commerce and Industry,Sun Oct 26 08:38:59 UTC 2025
Sustainability Switch Consultancy,Fri Oct 24 08:43:11 UTC 2025
Louvre Abu Dhabi,Fri Oct 24 08:01:33 UTC 2025
Mubadala Capital,Fri Oct 24 08:01:30 UTC 2025
ADGM,Fri Oct 24 08:01:22 UTC 2025
Hub71,Fri Oct 24 08:01:15 UTC 2025
AGWA | AgriFood Growth & Water Abundance,Fri Oct 24 08:00:54 UTC 2025
Abu Dhabi Investment Office مكتب أبوظبي للاستثمار,Fri Oct 24 08:00:45 UTC 2025
Environment Agency – Abu Dhabi (EAD),Thu Oct 23 22:34:08 UTC 2025
Metis ESG,Thu Oct 23 09:45:47 UTC 2025
Central Bank of The UAE,Wed Oct 22 14:17:10 UTC 2025
Jordan Forum For Business & Professional Women- ملتقى سيدات الأعمال والمهن الأردني,Wed Oct 22 13:56:31 UTC 2025
Foresight Canada,Wed Oct 22 09:55:06 UTC 2025
Mercedes-Benz Middle East,Sat Oct 18 17:36:48 UTC 2025
Coolect,Sat Oct 18 09:43:14 UTC 2025
Government of Ajman Media Office,Sat Oct 18 09:42:48 UTC 2025
وزارة التغير المناخي والبيئة Ministry of Climate Change and Environment,Sat Oct 18 04:34:01 UTC 2025
Mubadala,Fri Oct 17 22:32:43 UTC 2025
International Renewable Energy Agency (IRENA),Fri Oct 17 19:55:05 UTC 2025
Saeed & Mohammed Al Naboodah Group,Fri Oct 17 09:17:41 UTC 2025
Lootah BioFuels,Wed Oct 15 15:54:21 UTC 2025
Masdar (Abu Dhabi Future Energy Company),Tue Oct 14 07:37:01 UTC 2025
Etihad Rail,Tue Oct 14 04:38:26 UTC 2025
Prime Minister's Office - UAE,Tue Oct 14 04:38:11 UTC 2025
Al Ain City Municipality,Tue Oct 14 04:37:36 UTC 2025
Dubai Municipality,Tue Oct 14 04:36:47 UTC 2025
Valitara Consultancy,Sun Oct 12 10:14:29 UTC 2025
"AIMS Group LLC, Ajman",Sat Oct 11 15:31:13 UTC 2025
Ajman Police GHQ | القيادة العامة لشرطة عجمان,Sat Oct 11 15:31:06 UTC 2025
Department of Digital Ajman,Sat Oct 11 15:31:02 UTC 2025
Ajman Tourism Development Department,Sat Oct 11 15:30:56 UTC 2025
Ajman Ports & Customs,Sat Oct 11 15:30:54 UTC 2025
Ajman Free Zone (AFZ),Sat Oct 11 15:30:32 UTC 2025
Sharjah Municipality,Sat Oct 11 15:30:31 UTC 2025
Construction Business News Middle East,Fri Oct 10 18:52:10 UTC 2025
Ballard Power Systems,Fri Oct 10 11:57:36 UTC 2025
Global Investors Forum (GIF),Thu Oct 09 19:12:44 UTC 2025
Sustainable Aviation Futures,Thu Oct 09 13:49:27 UTC 2025
Imdaad Group,Thu Oct 09 00:07:21 UTC 2025
Kjøller,Thu Oct 09 00:04:25 UTC 2025
United Nations,Wed Oct 08 23:29:15 UTC 2025
Siempelkamp Size Reduction,Wed Oct 08 20:30:38 UTC 2025
MAS Tech,Wed Oct 08 20:30:17 UTC 2025
Permanent Mission of the UAE to the UN - New York,Wed Oct 08 10:50:56 UTC 2025
Two Soul Clothing Trading LLC,Wed Oct 08 10:26:27 UTC 2025
Al Douri Group,Wed Oct 08 10:25:47 UTC 2025
Kayzin Recruitment,Wed Oct 08 10:16:46 UTC 2025
UAE General Civil Aviation Authority (GCAA),Wed Oct 08 10:02:28 UTC 2025
Emirates NBD,Wed Oct 08 09:58:57 UTC 2025
Cleveland Clinic Abu Dhabi,Wed Oct 08 09:58:52 UTC 2025
Abu Dhabi Commercial Bank,Wed Oct 08 09:58:50 UTC 2025
Ras Al Khaimah Economic Zone (RAKEZ),Wed Oct 08 09:58:49 UTC 2025
Nordson EFD,Wed Oct 08 09:56:05 UTC 2025
CRIF,Wed Oct 08 08:22:22 UTC 2025
G42,Wed Oct 08 08:13:08 UTC 2025
TAQA Group,Tue Oct 07 21:14:46 UTC 2025
Fujairah Environment Authority,Tue Oct 07 20:15:10 UTC 2025
Department of Culture and Tourism – Abu Dhabi (DCT Abu Dhabi),Tue Oct 07 15:25:57 UTC 2025
Saica Group,Tue Oct 07 11:38:09 UTC 2025
Expand North Star,Tue Oct 07 10:56:43 UTC 2025
Emirates,Mon Oct 06 17:13:15 UTC 2025
Fujairah Municipality,Mon Oct 06 07:05:17 UTC 2025
Ajman Municipality & Planning Department,Mon Oct 06 04:50:08 UTC 2025
Sharjah Islamic Bank,Sun Oct 05 10:10:59 UTC 2025
Ajman Bank,Sun Oct 05 10:10:48 UTC 2025
Khalid Bin Sultan City,Sun Oct 05 09:48:31 UTC 2025
BIN HAM GROUP - CORPORATE,Sat Oct 04 21:52:08 UTC 2025
Bin Ham Properties,Sat Oct 04 21:51:37 UTC 2025
Bin Ham Group,Sat Oct 04 21:50:14 UTC 2025
SmartEcoCity,Sat Oct 04 20:56:02 UTC 2025
Hero Experiences Group,Sat Oct 04 18:27:45 UTC 2025
Cartlow,Sat Oct 04 07:11:07 UTC 2025
BEEAH Group,Fri Oct 03 11:20:41 UTC 2025
Green Buildings for Tomorrow,Thu Oct 02 20:55:07 UTC 2025
RAK Transport Authority,Thu Oct 02 15:47:04 UTC 2025
Waste Innovation Stories,Thu Oct 02 15:44:00 UTC 2025
Skyports Infrastructure,Thu Oct 02 15:29:05 UTC 2025
Sustainability Infographics 📊,Thu Oct 02 10:54:30 UTC 2025
Green Climate Fund,Wed Oct 01 11:25:42 UTC 2025
Greenonomics,Wed Oct 01 11:18:54 UTC 2025
Circularity Hub,Wed Oct 01 11:17:43 UTC 2025
Jordanian Businessmen Association,Wed Oct 01 10:32:24 UTC 2025
Acoulite,Wed Sep 17 12:30:10 UTC 2025
Middle East Jobs,Tue Sep 16 09:00:46 UTC 2025
Etihad,Sun Sep 07 08:12:51 UTC 2025
Hotel Jobs,Sun Sep 07 08:12:38 UTC 2025
Tadweer Group,Sun Sep 07 08:12:28 UTC 2025
Expo City Dubai,Thu Sep 04 11:26:11 UTC 2025
Enviroserve UAE,Thu Sep 04 10:10:11 UTC 2025
Hensel Recycling,Thu Sep 04 10:09:58 UTC 2025
"RecycleMax, Inc.",Thu Sep 04 10:09:54 UTC 2025
Sustainability Circle,Thu Sep 04 09:50:44 UTC 2025
Marriott International,Wed Sep 03 05:02:27 UTC 2025
Ajman University,Wed Sep 03 04:41:35 UTC 2025
School of Business,Wed Sep 03 04:41:35 UTC 2025
Computer College,Wed Sep 03 04:41:35 UTC 2025
ECO Technology International,Sat Jan 22 21:35:26 UTC 2022