Content Title,Content Description,Content Type,Content Last Watched Date (if viewed),Content Completed At (if completed),Content Saved,Notes taken on videos (if taken),
Nano Tips for Influencing Those More Senior Than You with Shadé Zahrai,"Welcome to our <i>Nano Tips</i> series, where LinkedIn Learning creators deliver impactful lessons in literally seconds. In this course, award-winning leadership strategist and peak performance educator for Fortune 500 companies, Shadé Zahrai, highlights effective ways to influence up. Increase your powers of persuasion by learning steps to prepare and align your goals with the goals of the leader you need to influence, proactive strategies for gaining buy-in, how to navigate disagreements, and how to manage the dynamics of your conversation.",Course,2025-10-01 05:01 UTC,N/A,false,N/A,
Excel: Introduction to Charts and Graphs,"Learn the basics of Excel charts and graphs in this concise course. Excel expert Dennis Taylor begins by explaining Excel chart concepts, including identifying the different elements of a chart and choosing the right chart type. Next, Dennis walks through creating a basic chart, using the Recommended Charts feature and keyboard shortcuts to get the job done quickly. Dennis then covers formatting charts with styles, colors, and more. Finally, he steps through the most popular chart options: column, bar, and line charts. Note that this course is recorded in Excel for Microsoft 365 but anyone using a recent version—including Office 365, 2019, 2016, and 2013—will be able to follow along.",Course,2025-10-25 12:14 UTC,N/A,true,N/A,
"Leveraging AI for Governance, Risk, and Compliance","AI is one of the biggest topics in cybersecurity right now, and unsurprisingly, that includes the area of governance, risk, and compliance. In this course, cybersecurity manager Terra Cooke explores risk management, legal considerations, and other ways AI can integrate into a GRC environment. Terra covers different aspects of GRC work that could benefit from AI–while keeping in mind that it is not a fix-all solution for all problems. She analyzes roles, responsibilities, and the pros and cons to consider before moving forward with AI solutions. Plus, hear about the factors you should look into before agreeing to the terms and conditions of an AI program.",Course,2025-10-20 07:30 UTC,N/A,false,N/A,
Enhancing Images with Artificial Intelligence (AI),"The use of artificial intelligence is fundamentally changing the way that photos are edited and enhanced. New creative options are unlocked and previously impossible tasks are made easy. Don’t wait to harness the power of artificial intelligence. Join instructor Rich Harrington as he explores a variety of AI-powered apps that can take your photography to the next level. Learn how to get better results from raw files, find images with intelligent search tools, and use software from Adobe, Skylum, EyeQ, and Topaz Labs to perform common and uncommon editing tasks, from fixing color and tone to automatically enhancing portraits to adding color and detail that doesn’t exist in the original photograph. By the end of the course, you’ll be amazed and empowered by what you can do with AI.<br><br>

This course was created by RHED Pixel. We are pleased to offer this training in our library.",Course,2025-10-15 21:13 UTC,N/A,false,N/A,
Excel Supply Chain Analysis: Solving Transportation Problems,"<p>Microsoft Excel can be a secret advantage when it comes to solving complex supply chain challenges. Follow along with instructor Curt Frye as he shows how to use the Excel Solver add-in to minimize transportation and transshipment costs within a supply chain. Curt covers a range of topics, including how to analyze fixed costs and facility opening decisions, enforce level of service constraints, and perform scenario analysis. He also provides problem scenarios for you to solve, then goes through the solutions for each. After watching this course and working through the examples, you'll be able to describe the techniques specialized supply chain programs use to arrive at their results.</p><p>This course is part of a <a href=""https://www.linkedin.com/learning/paths/cscmp-supply-chain-foundations-transportation-professional-certificate?u=104"" target=""_blank"">Professional Certificate</a> from CSCMP.</p>",Course,2026-03-03 09:49 UTC,N/A,false,N/A,
Transforming Business with AI Agents: Autonomous Efficiency and Decision-Making,"Unlock the power of AI agents to revolutionize your business. In this course, best-selling author and thought leader Charlene Li delves into the ever-evolving landscape of AI, providing a clear, comprehensive introduction to autonomous, adaptive AI agents. You’ll learn how to define and identify AI agents and how they differ from other AI products. Charlene outlines AI agents’ potential to boost productivity and enhance decision-making, as well as how agents can automate complex workflows. Along the way, explore the critical challenges of trust, privacy, common ethical concerns, and key considerations for evaluating the use of AI agents in your organization.",Course,2025-11-04 09:02 UTC,N/A,false,N/A,
Generative AI UX Design with Uizard,"In this course, seasoned product leader Drew Falkman highlights the power of Uizard AI features in creating user interfaces swiftly and efficiently. Uncover the ability to generate complete designs from AI prompts, simple wireframes, sketches, or screenshots. Learn how to make your prototypes interactive, apply cohesive design themes across projects, and export your work for further development. Key topics include automating design tasks, creating reusable components, and using AI to enhance creativity. Learn how to leverage AI tools to streamline the design and prototyping process, giving you more time to focus on innovation. This course covers both foundational and advanced techniques, making it suitable for beginners and experienced professionals alike. Gain a competitive edge by mastering AI-enhanced design, ensuring your projects are both efficient and aesthetically engaging.",Course,2025-10-15 21:13 UTC,N/A,false,N/A,
Adobe Firefly Essential Training (2024),"<p>Generative AI is taking the world by storm, and Adobe has offered their own answer to the artificial intelligence revolution—Adobe Firefly. This family of generative AI models equips you with the potential to revolutionize your design skills and elevate your creative projects to unprecedented heights. In this course, join lifelong designer Bart Van de Wiele as he teaches you how to use Adobe Firefly to upgrade how you work as a designer, marketer, photographer, brand manager, or video producer.</p><p>Gain an understanding of how Firefly fits into the greater Creative Cloud ecosystem. Learn how to write effective Firefly text prompts for generating high-quality images and vector art; create and recolor your artwork using Firefly and Illustrator; use Generative Fill in Photoshop to replace portions of an image with just a few mouse clicks and a text prompt; and work with text effects and templates with Firefly and Adobe Express. Bart also explains why content credentials matter in a world of AI-generated images.</p>",Course,2025-10-15 21:13 UTC,N/A,false,N/A,
Using AI in the UX Design Process,"<p>If you’re a UX designer or researcher, you’re probably already wondering about the best way to adapt to the new wave of AI-powered tools and workflows. In this course, UX expert Tetiana Gulei shows you how to take a basic design and apply AI to it to streamline the design process and improve your outcomes along the way.</p><p>Learn how to use generative AI to assist in product discovery and ideation, such as analyzing user data, creating personas, storyboarding, idea generation, and more. Find out how AI can extend the visual design process when it comes to creating mood boards, generating images, and working with colors, fonts, and styles. By the end of this course, you’ll be prepared to start using cutting-edge generative AI tools to streamline your design process, from initial user research to product creation, while also contributing to long-term design strategy validation.</p>",Course,2025-10-15 21:12 UTC,N/A,false,N/A,
Critical Roles Consultants Play (and the Skills You Need to Fill Them),"New consultants are often surprised by how agile they need to be to fulfill client expectations. The role you play may vary from contract to contract, or even shift within the same engagement. This course helps prepare you for the many different roles a consultant must play and succeed in the challenging world of consulting. Bob McGannon explains how your role differs from your job and how you can assess the needs of your client right at the start of the engagement. He then reviews the seven major roles—technical expert, manager, team leader, follower, reviewer, critic, and implementer—explaining when each role is most useful to your client. Live-action scenarios help you see the roles in action and apply what you have learned. In the final chapter, Bob discusses how to close the engagement, emphasizing the value your role has provided in order to position yourself for the next one.",Course,2025-10-22 07:42 UTC,N/A,true,N/A,
Nano Tips to Uncover Your Strengths with Shadé Zahrai,"<p>Welcome to our <i>Nano Tips</i> series, where LinkedIn Learning creators deliver impactful lessons in literally seconds. In this installment, explore the power of uncovering your inner strengths and managing your weaknesses to promote personal growth.</p><p>Join peak performance researcher and behavioral strategist Shadé Zahrai to learn the secrets of identifying and evolving your strengths with a genuinely curious, growth-focused mindset. Unearth your best possible self and start building on the innate qualities of your character, gathering feedback, unlocking your full potential, seeking balance, and finding your flow state. Along the way, Shadé shows you how to scrutinize your weaknesses to weed out bad habits, play to your strengths, and invest in your future self.</p>",Course,2025-09-04 09:51 UTC,N/A,false,N/A,
Excel: Supply Chain Shipping Analysis,"Microsoft Excel is one of the world’s most widely used spreadsheet applications, and for good reason. It’s an essential everyday tool if you work in logistics and shipping, or are interested in landing a role in the field. In this course, instructor Curt Frye covers advanced Excel skills for performing supply chain shipping analysis, including shipping modes and costs, logistics and transportation networks, distribution, inventory management, route creation and evaluation with the Solver model, and more. By the end of this course, you’ll be prepared to evaluate complex shipping scenarios to make informed data-driven business decisions.",Course,2026-03-24 06:26 UTC,N/A,false,N/A,
Building a Superstar Brand,"Ever wondered what it takes to create your own brand and become a superstar along the way? Explore the value of storytelling, vision, and commitment in this course with World Wrestling Entertainment (WWE) chief brand officer Stephanie McMahon, as she shows you how to lead by example and leave a legacy in your wake. Learn key lessons from Stephanie’s hard-earned experiences and colorful tales of growing up in an entrepreneurial culture. The course shares valuable lessons on how to scale superstar partnerships, create a rich DEI culture, and build powerful fan relationships. Discover proven leadership strategies and tips that you can apply to your own venture or job. Throughout the course, Stephanie looks back on the sacrifices her parents made back when they were first promoting the WWE, growing it from nothing to superpower status, and inspiring millions around the world.<br><br>Note: This course was created by genconnectU. We are pleased to host this training in our library.",Course,2025-04-21 20:54 UTC,N/A,false,N/A,
Photoshop 2023 Essential Training,"Whether you’re an experienced creative professional or just looking to make the most out of your new camera, learning how to use Photoshop 2023 efficiently and effectively is the best investment you can make to get the most out of your pixels. Photoshop is a deep, complex, and at times, intimidating product. In this course, instructor Julieanne Kost filters out the noise and complexity to help you quickly achieve the results you want.<br><br>Julieanne covers the fundamentals of digital imaging—from working with multiple images to customizing the Photoshop interface. She explains how to choose the right tools to crop, tone, and retouch photos, while always maintaining the highest-quality output. She also demonstrates the most efficient ways to perform common tasks, including working with layers, selections, and masking. Along the way, learn the secrets of nondestructive editing using Smart Objects, how to create animated GIFs, and much more.",Course,2023-11-13 16:33 UTC,N/A,false,N/A,
Nano Tips for Effortless Conversations with Shadé Zahrai and Jefferson Fisher,"<p>Welcome to our <i>Nano Tips</i> series, where LinkedIn Learning creators deliver impactful lessons in literally seconds. In this installment, explore what it takes to cultivate and sustain effortless conversations, following advice and practical, easy-to-apply insights from award-winning leadership strategist and peak performance educator Dr. Shadé Zahrai, and trial attorney, best-selling author, and globally recognized communication expert Jefferson Fisher. Shadé and Jefferson offer tips for confidently responding to common questions, recovering from awkward moments, engaging in small talk, and more. Along the way, discover techniques to build trust, maintain balanced conversations, use nonverbal cues, navigate silences, and stay fully present. By the end of this course, you’ll have the confidence and ease to turn everyday conversations into opportunities for stronger connection and influence.</p><p>This course was created by Shadé Zahrai and Jefferson Fisher. We are pleased to host this training in our library.</p>",Course,2025-10-27 15:23 UTC,N/A,false,N/A,
Nano Tips for Understanding Your Analytics with Shadé Zahrai,"<p>Welcome to our <i>Nano Tips</i> series, where LinkedIn Learning creators deliver impactful lessons in literally seconds. In this installment, join award-winning leadership strategist and peak performance specialist Shadé Zahrai as she shares practical, actionable advice on leveraging the power of LinkedIn Analytics.</p><p>Learn how to use LinkedIn Analytics to develop data-driven strategies to analyze audience trends, refine messaging, and optimize content, ensuring impactful engagement and meaningful connections with your followers. Shadé shows you how and why applying data-driven insights can let you more effectively plan future posts, troubleshoot underperforming content, build lasting relationships with your audience, and more. By the end of this course, you’ll be prepared to create with more intentionality, instead of just chasing virality or feeling like analytics is guesswork.</p><p>This course was created by Shadé Zahrai. We are pleased to host this training in our library.</p>",Course,2025-10-30 11:03 UTC,N/A,false,N/A,
Nano Tips for Peak Performance with Shadé Zahrai,"Welcome to our <i>Nano Tips</i> series, where LinkedIn Learning creators deliver impactful lessons in literally seconds. In this installment, find out how to supercharge your performance, exploring key insights and techniques from peak performance researcher and behavioral strategist to Fortune 500 companies, Shadé Zahrai.  
<br><br>
Learn how to optimize your brain power, habits you can establish for success, and how you can set up a commitment to excellence to level up your career and performance for the long term.",Course,2025-10-15 12:11 UTC,N/A,false,N/A,
Nano Tips for Using Excel with Kat Norton,"Miss Excel shares advanced Excel techniques to analyze, organize, and visualize data more effectively. Learners will develop skills in using pivot tables, dynamic formatting, data validation, and VBA scripting to automate tasks and create interactive, professional spreadsheets. By the end, learners will be able to streamline workflows and present data clearly for better insights and decision-making.",Course,2026-05-01 07:44 UTC,N/A,false,N/A,
Nano Tips to Communicate Assertively and Set Boundaries with Shadé Zahrai,"Welcome to our <i>Nano Tips</i> series, where LinkedIn Learning creators deliver impactful lessons in literally seconds. In this course, award-winning leadership strategist and peak performance educator for Fortune 500 companies, Shadé Zahrai, shares essential tips on assertive communication—and how to confidently set boundaries. Learn how to communicate assertively to reduce confrontations and improve interpersonal outcomes, set boundaries for off-hours communication, address disagreement constructively, and more.",Course,2025-11-01 22:49 UTC,N/A,false,N/A,
Nano Tips to Prepare for Public Speaking with Nausheen I. Chen,"<p>Welcome to our <i>Nano Tips</i> series, where LinkedIn Learning creators deliver impactful lessons in literally seconds. In this installment, explore proven, practical, easy-to-use strategies to successfully prepare for public speaking—whether you’re getting ready to speak on a big stage or deliver your next presentation in the boardroom. Follow along with expert advice from executive speaking coach, corporate trainer, and TEDx speaker Nausheen I. Chen.</p><p>Discover the secrets of effective preparation—from ideation and practice to final delivery. Learn how to think critically about what you say and how you say it so you can focus on saying it right. Gather insights on vocal warmups, body language, fear of the audience, common misunderstandings, making a great first impression, nailing a job interview, and more. Along the way, Nausheen shows you how to turn up your energy and leverage your most powerful, impactful self. By the end of this course, you’ll be prepared to fully engage your audience and unlock new opportunities in your career.</p>",Course,2025-10-19 03:21 UTC,N/A,false,N/A,
Nano Tips for Interpersonal Communication with Shadé Zahrai,"Welcome to our <i>Nano Tips</i> series, where LinkedIn Learning creators deliver impactful lessons in literally seconds.  In this course, award-winning leadership strategist and peak performance educator for Fortune 500 companies Shadé Zahrai shares tips for improving interpersonal communication skills. Shadé explains the importance of choosing words that foster collaboration, shows how you can transform your communication with positive reinforcement, describes the biggest conversation buzzkill, and more.",Course,2025-11-15 10:07 UTC,N/A,false,N/A,
Nano Tips for Smarter Learning and Better Relationships with Shadé Zahrai,"Welcome to our <i>Nano Tips</i> series, where LinkedIn Learning creators deliver impactful lessons in literally seconds. In this course, peak performance researcher and behavioral strategist to Fortune 500 companies Shadé Zahrai shares tips and strategies for building continuous growth—both personal and formulaic—that will enhance your ability to interact with people and strengthen relationships.",Course,2025-09-17 15:37 UTC,N/A,false,N/A,
Storytelling and Content Creation to Transform Your Personal Brand,"Storytelling gives you the power to create an engaging brand, but how can you start using it more effectively for your content? In this course, instructor Ash Rathod demonstrates how to master the art of storytelling to deliver more engaging content for your business and personal brand. Find out why storytelling matters for creators in all digital mediums, regardless of your specific messaging, channel, audience, or field, as you unlock the secrets of evocative storytelling using the key components of his 6P storytelling framework. Along the way, Ash shows you how to conduct the right research to build a winning strategy, write compelling and inspiring content, and enhance your visibility across a wide variety of platforms.",Course,2025-11-02 11:15 UTC,N/A,false,N/A,
Understanding the Cash Conversion Cycle for Business,"<p>The cash conversion cycle isn’t just another accounting metric, it’s a crystal ball into a company’s financial health and risk profile. A successful business professional who understands the cash conversion cycle will make better decisions, mitigate risk, and provide strategic recommendations to their organization.</p>
<p>In this course, Hailey Margetta provides an overview of how to calculate the cash conversion cycle, interpret its meaning, identify risks that can impact a businesses cash conversion cycle and shares the best questions to ask when completing your analysis.</p><p>Because a company’s cash conversion cycle impacts everything from meeting its financial obligations to future growth, it’s a concept all driven business professionals need to understand.</p>",Course,2026-04-25 11:26 UTC,N/A,false,N/A,
Nano Tips to Project Confidence and Executive Presence with Shadé Zahrai,"<p>Welcome to our Nano Tips series, where LinkedIn Learning creators deliver impactful lessons in literally seconds. In this course, behavioral strategist and global peak performance consultant to Fortune 500 companies Shadé Zahrai shows you frameworks that will support you in building genuine connections, speaking with precision, and maintaining poise. Learn ways to project confidence in your communication, refine your presence using concise messages, and reinforce your credibility through a confident posture. Plus, learn to amplify your influence with  a positive presence, asking thoughtful questions, and communicating with credibility.</p>

<p>This course was created by Shadé Zahrai. We are pleased to host this training in our library.</p>",Course,2025-10-16 08:30 UTC,N/A,false,N/A,
Nano Tips for Innovative Ideation with Lisa Bodell,"Welcome to our <i>Nano Tips</i> series, where LinkedIn Learning creators deliver impactful lessons in seconds. In this installment, Lisa Bodell offers frameworks and techniques for tackling challenges, developing products, growing creatively, and brainstorming.",Course,2026-04-14 10:48 UTC,N/A,false,N/A,
Seven Paths to Happiness (and Two Dead Ends): Strategies for Your Life and Career,"<p>Choosing the right path for your career and life can be one of the most impactful decisions you make. In this course, Chris Croft explores the seven distinct paths to happiness, each with its own set of advantages and challenges. Whether aiming for corporate success, launching a business, or pursuing a passion, this course provides valuable insights into how different paths align with individual personalities, skills, and aspirations. Chris looks in-depth at topics such as the trade-offs of financial-driven goals, the pursuit of a vocation, and how to find balance in multi-harvesting or niche careers.</p><p>
This course was created by Chris Croft and CRFT Productions. We are pleased to host this training in our library.</p>",Course,2025-11-01 09:27 UTC,N/A,false,N/A,
Hidden Genius: How Successful People Think (Book Bite),"<p>When we hear the word genius, we often think of some kind of extraordinary—perhaps even magical—human being. But what if genius isn’t an inherent quality but just a way of looking at the world—a way that you could learn to employ? In this audiobook summary, Polina Marinova Pompliano shares five key insights from her new book, <i>Hidden Genius: The secret ways of thinking that power the world’s most successful people</i>. Join Polina as she helps you unlock the genius within. Learn how manufacturing hardship leads to lasting mental toughness; how love is a skill that needs to be sharpened regularly; how to audit the information you put in your brain; the importance of tying your identity to your own name; and how your definition of success is personal and ever-changing.
</p><p>
Note: This audiobook summary was created by Next Big Idea Club. We are pleased to host this content in our library.",Course,2025-10-10 22:21 UTC,N/A,false,N/A,
Nano Tips to Build Authority on LinkedIn with Shadé Zahrai & Jasmin Alić,"Welcome to our <i>Nano Tips</i> series, where LinkedIn Learning creators deliver impactful lessons in literally seconds. In this course, Shadé Zahrai and Jasmin Alić show you how to create impactful LinkedIn content that delivers real value, builds engagement, and strengthens professional connections. Develop skills to format posts effectively, engage with comments, and subtly showcase their expertise without sounding overly promotional. Through storytelling, video strategies, and permission-based selling, learn how to enhance your LinkedIn presence and create content that resonates with your audience.",Course,2025-10-18 10:56 UTC,N/A,false,N/A,
Practical GitHub Actions,"<p>For developer professionals, solving problems is a vital part of the job—particularly solving problems that keep coming up. GitHub Actions will let you automate your repetitive problems away, and in this course—created in partnership with GitHub—Ray Villalobos shows you how to set them up to tackle real-world projects. Ray starts with the basics of Actions, going over what you can do with them and how they work. He then shows you the steps necessary to publish a marketplace action, including creating a workflow, a generator repo Dockerfile, entry point, and action.yml file. Finally, Ray takes you through testing and releasing your GitHub Action.
</p><p>If you’re a developer looking to advance your career, or a recent computer science grad searching for a developer role, check out this course to learn practical skills to add your portfolio and enhance your standing in a competitive job market.</p><p>This course is part of a <a href=""https://www.linkedin.com/learning/paths/career-essentials-in-github-professional-certificate"">Professional Certificate</a> from GitHub.</p>",Course,2025-10-11 04:26 UTC,N/A,false,N/A,
Supply Chain Beyond the Basics: Leveraging Supply Chain Information Systems,"In today’s rapidly evolving business landscape, Supply Chain Information Systems (SCIS) play a critical role in optimizing logistics, procurement, inventory management, and overall supply chain performance. This course provides a comprehensive overview of essential SCIS categories, including WMS, ERP, TMS, OMS, and AI-powered analytics, helping you understand how these systems work individually and integrate for seamless supply chain operations. Explore data management strategies, system interoperability (EDI/API), and cybersecurity considerations to ensure secure and efficient supply chain management. Through realistic examples and best practices, gain the knowledge needed to leverage SCIS effectively, improve operational resilience, and drive digital transformation in supply chains.",Course,2026-03-14 21:37 UTC,N/A,false,N/A,
Tips for Fostering a Growth Mindset from Today’s Top Business Leaders,"In this course, high-profile business leaders share short, actionable advice for anyone trying to cultivate a growth mindset. Hear about how to own your failures from media mogul Jeffrey Katzenberg. Find out how to change a scarcity mindset from Nopalera founder Sandra Velasquez. Learn to be open to experimentation with lessons from Liquid Death CEO Mike Cessario. Check out this course for these lessons and more to find out how you can develop a growth mindset.",Course,2026-02-19 22:19 UTC,N/A,false,N/A,
How to Build a Strong Professional Brand on LinkedIn with LinkedIn Career Expert Andrew Seaman,"<p>Your LinkedIn presence is more than just a profile—it’s your ticket to new opportunities. But how do you craft a standout professional brand that reflects your authentic self and attracts the right connections?</p>

<p>Join LinkedIn Editor at Large Andrew Seaman as he shares actionable insights designed to help you define your professional brand, optimize your profile, create content that opens doors, and transform your LinkedIn profile into a powerful tool for career advancement.</p> 

<p>Whether you’re looking for a new role, building a following in your current one, or rebranding yourself for a professional pivot, Andrew demonstrates the importance of authenticity, consistency, visibility, and engagement as you grow your career.</p> 

<p>This is a recording of a live event and features audience participation and an unscripted Q&A. Visit <a href=""http://linkedin.com/events"" target=""_blank""><b>linkedin.com/events</b></a> for more can’t-miss conversations featuring prominent leaders.</p>",Course,2025-11-09 11:42 UTC,N/A,false,N/A,
Leveraging the Power of Social Intelligence in the Age of AI,"<p>Enhance your understanding and application of social intelligence: your key to thriving in personal and professional interactions. Join technology journalist and analyst Chris Shipley as she explores the foundational elements of building your social intelligence, including developing sharp situational awareness and learning to regulate your response to both internal triggers and external environments. Discover uniquely human skills that are increasingly valuable in the age of AI, such as active listening, bias awareness, mindfulness, empathy, and fostering kindness. By the end of this course, you’ll have your own personalized social intelligence development plan, which can enable you to activate and apply your skills more intentionally in any situation. Whether you’re an aspiring leader or collaborator, or just looking to build more connections, this course offers the insights and tools you need to achieve your goals. </p><p>This course is part of a <a href=""https://www.linkedin.com/learning/paths/human-skills-in-the-age-of-ai-by-microsoft-and-linkedin"" target=""_blank"">Professional Certificate</a> from Microsoft.</p>",Course,2026-03-05 14:33 UTC,N/A,false,N/A,
Drone Analysis with Drone2Map and ArcGIS Online,"In this course, cartography expert Dr. Jason VanHorn dives into the transformative world of drone imagery and geotechnologies. Learn how to process drone data into stunning 2D and 3D visuals using ArcGIS Drone2Map and ArcGIS Online, focusing on orthophoto creation and high-resolution GPS-grounded models. Discover how to use ground control points, manage drone projects, and understand the software interface to optimize your project workflows. Explore ways to convert raw drone data into polished products like true ortho-mosaics, raster surface models, and realistic 3D meshes. Enhance your skills with hands-on exercises and challenges that make your learning journey exciting and fruitful. With drone technology advancing rapidly, this course ensures you're equipped with cutting-edge skills to elevate your professional portfolio.",Course,2025-10-23 22:22 UTC,N/A,false,N/A,
Nano Tips for Career Success and Daily Wins with Shadé Zahrai,"<p>Welcome to our <i>Nano Tips</i> series, where LinkedIn Learning creators deliver impactful lessons in literally seconds. In this installment, explore strategies for career success and daily wins with award-winning leadership strategist and peak performance specialist Shadé Zahrai. Learn how to identify career growth areas, address burnout, track achievements, celebrate effort, balance skills with opportunities, and develop daily habits. By the end of this course, you’ll be prepared to manage emotionally charged situations, disrupt procrastination, and improve mental clarity and well-being.</p><p>This course was created by Shadé Zahrai. We are pleased to host this training in our library.</p>",Course,2025-10-28 07:12 UTC,N/A,false,N/A,
Nano Tips to Speak Up in Meetings with Shadé Zahrai,"Welcome to our <i>Nano Tips</i> series, where LinkedIn Learning creators deliver impactful lessons in literally seconds. In this course, behavioral strategist and peak performance educator for Fortune 500s Shadé Zahrai teaches you quick tips for speaking up in meetings and making your voice heard. Learn how to avoid mistakes that harm your credibility and influence, speak up when you can’t find your turn, contribute value with strategic questions, claim back credit for overlooked suggestions, and more.",Course,2025-10-14 15:30 UTC,N/A,false,N/A,
Nano Tips for Mastering Job Interviews with Diana YK Chan,"Welcome to our <i>Nano Tips</i> series, where LinkedIn Learning creators deliver impactful lessons in literally seconds. In this course, Diana YK Chan teaches tips for acing an interview. Learn tips that can help you through the entire interview process, from preparation before you interview, to calming your nerves, what to do when you get caught off guard, and how to communicate effectively in a job interview. Plus, learn about common job interview mistakes, as well as motivational questions you need to prepare for.",Course,2025-10-10 10:00 UTC,N/A,false,N/A,
Creating Your First Marketing Videos on LinkedIn Nano Tips with Shay Rowbottom,"Welcome to our <i>Nano Tips</i> series, where LinkedIn Learning creators deliver impactful lessons in literally seconds. In this installment, Shay Rowbottom teaches expert tips on creating and sharing your videos on LinkedIn to market your business. Shay explains the factors to consider when making your first video, like topics to cover, video quality concerns, and video lengths. She then explains how to use your videos as a marketing tool to get you noticed.",Course,2025-10-19 17:09 UTC,N/A,false,N/A,
Nano Tips to Sharpen Your Critical Thinking with Shadé Zahrai,"<p>Welcome to our <i>Nano Tips</i> series, where LinkedIn Learning creators deliver impactful lessons in literally seconds. In this installment, explore what it takes to become a better critical thinker, using practical insights from award-winning leadership strategist and peak performance specialist Shadé Zahrai.</p><p>Learn how to scrutinize information like an investigator, posing Socratic questions and pushing the boundaries of your perspective. Challenge your assumptions to make better, smarter, more disruptive decisions with tools and techniques to enhance your focus and sense of clarity. Along the way, Shadé gives you pointers on how to avoid overthinking things to improve your chances of success in both your personal and professional life. By the end of this course, you’ll be prepared to create more inclusive, equitable spaces for open dialogue, ideation, and critical voice.</p>",Course,2025-10-29 10:06 UTC,N/A,false,N/A,
Nano Tips to Enhance Your Communication with Shadé Zahrai,"<p>Welcome to our Nano Tips series, where LinkedIn Learning creators deliver impactful lessons in literally seconds.</p>

<p>Here, award-winning leadership strategist and peak performance specialist Shadé Zahrai presents useful tips to help you communicate more effectively. Shadé shows you how to drive positive outcomes with your word choices. She covers how to foster trust by challenging your assumptions, responding positively, and owning a professional apology. Plus, Shadé guides you through mastering nonverbal communication through voice modulation, aligning delivery and intention, and using body language and physical gesture to reinforce your meaning. With these quick videos, you can make learning fit into even your busiest days!</p>
 
<p>This course was created by Shadé Zahrai. We are pleased to host this training in our library.</p>",Course,2025-11-09 11:26 UTC,N/A,false,N/A,
Nano Tips to Thrive in Uncertainty and Embrace Change with Shadé Zahrai,"<p>Welcome to our <i>Nano Tips</i> series, where LinkedIn Learning creators deliver impactful lessons in literally seconds. In this installment, discover powerful, practical strategies to grow your career by thriving in uncertainty and embracing change with insights from Shadé Zahrai, peak performance researcher and behavioral strategist to Fortune 500 companies.</p><p>Start embracing change in your professional life by tapping into your brain’s learning powerhouse. Learn how to identify communication preferences, transform anxiety into opportunity, cultivate resilience, manage stress, overcome the effects of tunnel vision, embrace acts of microbravery, and accept what you cannot change. Along the way, Shadé shows you how to successfully confront your fear of change and lead more authentically in times of uncertainty.</p>",Course,2025-10-15 14:05 UTC,N/A,false,N/A,
"Introduction to ESG: Environmental, Social, and Governance","In this course, instructor Fulya Kocak Gin explains what the environmental, social, and governance (ESG) umbrella encompasses, why there is an increasing momentum around ESG, why corporations are expected to address their impact in environmental and social aspects of their businesses, and how governance plays into these efforts. Fulya covers foundational concepts under each one of the E, S, and G areas. She connects the dots between traditional social responsibility and sustainability projects and business performance, sustainable investing, and risk management.",Course,2025-10-12 02:13 UTC,N/A,false,N/A,
Excel: PivotTables for Beginners,"PivotTables don't have to be scary! This powerful Excel feature cuts the time you spend on formulas in half. In this concise course, Excel trainer Dave Ludwig demystifies PivotTables and shows you how to get started using them to analyze your data. Dave begins by explaining two PivotTable basic building blocks: value fields and row fields. Then he shows you how to adjust a PivotTable by adding fields, filters, and formatting. Dave shows you how to use special filter buttons which are known as slicers, and he also demonstrates how to use timelines. Plus, he goes over the basics of refreshing and updating a PivotTable. Finally, he’ll show you how to use AI in Excel to generate PivotTables automatically for you.",Course,2025-10-08 08:51 UTC,N/A,false,N/A,
Market Sizing: TAM/SAM/SOM,"How big is your market—and how much of it can you realistically capture? This audio-only course provides a comprehensive introduction to market sizing. Join market research expert Sarah Weise as she guides you through calculating your total addressable market (TAM), serviceable available market (SAM), and serviceable obtainable market (SOM). Through real-world case studies and practical applications, learn the skills needed to size your market accurately, prioritize audience segments with RICE scoring, and make data-driven strategic decisions for your business.",Course,2025-11-14 04:36 UTC,N/A,false,N/A,
Overcoming Fears: Preparing for Sales Calls,"<p>Even salespeople with years of experience may dread the task of making sales calls. Picking up the phone and convincing someone to buy your product, meet you, or even just speak to you, can be a daunting task. However, sales are a fantastic way to find new business opportunities and build professional relationships.</p>
 
<p>In this course, prospecting coach and sales expert Miles Croft teaches you that the secret to removing the fear of sales calls is to have a concise and thoroughly tested plan that you can rely on. The plan needs to be flexible and needs to ensure you remain human and approachable. Most of all, the plan must make sure you achieve your ultimate goal. Miles explains the common sales call factors that people fear most and gives practical advice on how to remove those fears. He also provides actionable tips on how to plan and execute the perfect sales call, leaving you with a clear, concise plan.</p>
 
<p>This course was created by Miles Croft. We are pleased to host this training in our library.</p>",Course,2025-11-16 01:07 UTC,N/A,false,N/A,
Adobe Firefly Essential Training,"In this course, Bart Van de Wiele—expert designer and author—guides you through the innovative Adobe Firefly AI technology and its seamless integration within Adobe Creative Cloud. Discover how to generate images and videos from text prompts, expanding your creative possibilities effortlessly. Master using Firefly to create vector graphics and patterns in Adobe Illustrator, while leveraging advanced features like generative fill and scene-to-image to enhance your designs. Explore enterprise solutions with Firefly Custom Models, Object Composites, and Style Kits to scale your creative production. Learn how to harness the power of AI for your projects with targeted examples and step-by-step guidance. Whether you are a designer, marketer, or creative professional, this course will elevate your workflows and artistic outcomes.",Course,2025-10-15 21:13 UTC,N/A,false,N/A,
California Consumer Privacy Act (CCPA) Essential Training,"<p>The California Consumer Privacy Act (CCPA) is the first major privacy act to come out of the United States. In this course, instructor Mandy Huth explains what the CCPA is and how it is similar and different from the General Data Protection Regulation (GDPR). Mandy goes through the scope of the act, consumer rights, enforcement via the California Privacy Protection Agency (CPPA), and penalties. This course also covers the newest amendment to the regulation, called the California Privacy Rights Act (CPRA), as well as the new “cookie law” that is required for websites.
 </p><P>
 
DISCLAIMER: Neither LinkedIn nor the instructor represents you, and they are not giving legal advice. The information conveyed through this course is not intended to give legal advice, but instead to communicate information to help viewers understand the basics of the topic presented. Certain concepts may not apply in all countries. The views (and legal interpretations) presented in this course do not necessarily represent the views of LinkedIn.",Course,2026-03-31 14:08 UTC,N/A,false,N/A,
Finance Foundations,"Finance exists in the real world. It impacts everyone: individuals, families, companies, and governments. While it may sound complicated, at its core finance is about deciding what to buy, getting the money you need to buy it, and efficiently managing the resources you already own. In this course, Brigham Young University business professors Jim and Kay Stice provide a comprehensive overview of finance, touching on everything from reading a balance sheet to understanding derivatives and securities. They tackle questions such as ""What is the difference between short-term financial management and long-term financing?"" and ""What is the difference between a traditional bank, an investment bank, and an investment fund?"" Along the way, you can get an inside look at financial reports from companies such as Walmart, the operating cycle of Nike, the IPOs of Microsoft and Facebook, and even the data that go into personal financial decisions, such as deciding whether to buy a car.",Course,2025-11-13 14:46 UTC,N/A,false,N/A,
Pitching Yourself for Opportunity,"<p>Every conversation presents an opportunity to make a great impression. In this course, Jodi Glickman, CEO and Founder of GreatOnTheJob.com, guides you through how to craft a compelling pitch with thought and intention so you can be persuasive, memorable, and able to reach your goals. Jodi shares the fundamental framework of leading with your destination, crafting your backstory, and then connecting the dots.  She covers pitch basics (it’s a dialogue, not a monologue!), cautions against mistakes to avoid, and shares why no two pitches are ever the same. Plus, Jodi offers behind-the-scenes coaching on real-life examples of how to try out, practice, and improve your pitch.</p>",Course,2025-10-11 11:48 UTC,N/A,true,N/A,
Career Essentials in GitHub Professional Certificate,"Want to advance your developer journey? Are you a new computer science grad looking for a developer role? These courses teach the skills to enrich your GitHub portfolio and elevate your profile in today's competitive job market. Tune in, pass the final exam, and earn your professional certificate.",Learning Path,2025-10-11 04:26 UTC,N/A,false,N/A,
